{
  "data/f64/10k/gmm_d128_K200": {
    "futhark": {
      "jac_speedup_pytorch": 1.675683558036084,
      "jacobian": 115255.1,
      "objective": 40772.4,
      "overhead": 2.8267921437050556
    },
    "pytorch": {
      "jac_speedup_futhark": 0.5967713863421855,
      "jacobian": 193131.0760498047,
      "jacobian_std": 681.4001741654513,
      "objective": 68662.42599487305,
      "objective_std": 190.72664570463076,
      "overhead": 2.812762194919032
    }
  },
  "data/f64/10k/gmm_d128_K25": {
    "futhark": {
      "jac_speedup_pytorch": 2.5389181925632616,
      "jacobian": 15182.4,
      "objective": 5453.0,
      "overhead": 2.7842288648450393
    },
    "pytorch": {
      "jac_speedup_futhark": 0.39386853933659516,
      "jacobian": 38546.87156677246,
      "jacobian_std": 689.6697518706205,
      "objective": 12380.336284637451,
      "objective_std": 29.93996630356282,
      "overhead": 3.113556100621
    }
  },
  "data/f64/10k/gmm_d32_K200": {
    "futhark": {
      "jac_speedup_pytorch": 2.078257964384253,
      "jacobian": 20449.5,
      "objective": 6827.3,
      "overhead": 2.9952543465205865
    },
    "pytorch": {
      "jac_speedup_futhark": 0.4811722207431936,
      "jacobian": 42499.33624267578,
      "jacobian_std": 87.93333307381127,
      "objective": 18072.437286376953,
      "objective_std": 42.72943850882141,
      "overhead": 2.3516106637543506
    }
  },
  "data/f64/10k/gmm_d64_K25": {
    "futhark": {
      "jac_speedup_pytorch": 2.916589647824625,
      "jacobian": 7086.7,
      "objective": 2542.4,
      "overhead": 2.7874056010069226
    },
    "pytorch": {
      "jac_speedup_futhark": 0.3428661967396965,
      "jacobian": 20668.99585723877,
      "jacobian_std": 211.75709521653738,
      "objective": 8019.02117729187,
      "objective_std": 66.60936949479782,
      "overhead": 2.5774961058550248
    }
  },
  "data/f64/1k/gmm_d128_K200": {
    "futhark": {
      "jac_speedup_pytorch": 4.006489749305752,
      "jacobian": 12845.5,
      "objective": 4475.8,
      "overhead": 2.869989722507708
    },
    "pytorch": {
      "jac_speedup_futhark": 0.2495950476781529,
      "jacobian": 51465.36407470703,
      "jacobian_std": 821.1736013337328,
      "objective": 9716.554546356201,
      "objective_std": 110.6058955178889,
      "overhead": 5.296668055448423
    }
  },
  "data/f64/1k/gmm_d64_K200": {
    "futhark": {
      "jac_speedup_pytorch": 3.2577774012200185,
      "jacobian": 6420.0,
      "objective": 2152.6,
      "overhead": 2.982439840193255
    },
    "pytorch": {
      "jac_speedup_futhark": 0.3069577435295321,
      "jacobian": 20914.93091583252,
      "jacobian_std": 295.210210622288,
      "objective": 3546.2854146957397,
      "objective_std": 103.30499813141208,
      "overhead": 5.89770096596327
    }
  }
}