{
  "data/f32/10k/gmm_d128_K200": {
    "futhark": {
      "jac_speedup_pytorch": 1.2248403596447353,
      "jacobian": 80753.4,
      "objective": 31778.7,
      "overhead": 2.5411171633830203
    },
    "pytorch": {
      "jac_speedup_futhark": 0.8164329270551224,
      "jacobian": 98910.02349853516,
      "jacobian_std": 259.52238509774566,
      "objective": 34536.8034362793,
      "objective_std": 84.22443345101404,
      "overhead": 2.8639020887102364
    }
  },
  "data/f32/10k/gmm_d128_K25": {
    "futhark": {
      "jac_speedup_pytorch": 1.638433919924431,
      "jacobian": 10353.1,
      "objective": 4692.8,
      "overhead": 2.2061668939652233
    },
    "pytorch": {
      "jac_speedup_futhark": 0.6103389266050612,
      "jacobian": 16962.87021636963,
      "jacobian_std": 151.9241651610814,
      "objective": 4706.316757202148,
      "objective_std": 56.39711620335348,
      "overhead": 3.6042772068860622
    }
  },
  "data/f32/10k/gmm_d32_K200": {
    "futhark": {
      "jac_speedup_pytorch": 2.1450558810970857,
      "jacobian": 11140.6,
      "objective": 4668.7,
      "overhead": 2.3862317133249085
    },
    "pytorch": {
      "jac_speedup_futhark": 0.4661883211585851,
      "jacobian": 23897.209548950195,
      "jacobian_std": 91.42577134838318,
      "objective": 8378.774452209473,
      "objective_std": 34.026973727874385,
      "overhead": 2.8521127624635523
    }
  },
  "data/f32/10k/gmm_d64_K25": {
    "futhark": {
      "jac_speedup_pytorch": 2.3296018965267593,
      "jacobian": 3653.1,
      "objective": 1837.9,
      "overhead": 1.9876489471679633
    },
    "pytorch": {
      "jac_speedup_futhark": 0.42925789229950234,
      "jacobian": 8510.268688201904,
      "jacobian_std": 207.1262113522196,
      "objective": 2356.3616275787354,
      "objective_std": 12.83913268993804,
      "overhead": 3.6116140190869506
    }
  },
  "data/f32/1k/gmm_d128_K200": {
    "futhark": {
      "jac_speedup_pytorch": 1.7795735591516495,
      "jacobian": 8607.2,
      "objective": 4167.0,
      "overhead": 2.065562754979602
    },
    "pytorch": {
      "jac_speedup_futhark": 0.5619323769210842,
      "jacobian": 15317.145538330078,
      "jacobian_std": 182.3382175729839,
      "objective": 3619.5552349090576,
      "objective_std": 48.56404598098581,
      "overhead": 4.231775603422978
    }
  },
  "data/f32/1k/gmm_d64_K200": {
    "futhark": {
      "jac_speedup_pytorch": 2.4166263177788023,
      "jacobian": 3172.8,
      "objective": 1722.0,
      "overhead": 1.8425087108013938
    },
    "pytorch": {
      "jac_speedup_futhark": 0.41380001229115626,
      "jacobian": 7667.471981048584,
      "jacobian_std": 116.89767592341089,
      "objective": 2080.511999130249,
      "objective_std": 57.02707927626664,
      "overhead": 3.685377437983508
    }
  }
}