{
  "data/kdd_cup": {
    "futhark": {
      "obj_speedup_jax": 0.3786877947079225,
      "obj_speedup_jax-vmap": 0.6707044420521414,
      "obj_speedup_manual": 0.3072731966797865,
      "obj_speedup_pytorch": 1.000638706993227,
      "objective": 41057.6
    },
    "jax": {
      "obj_speedup_futhark": 2.640697730359354,
      "obj_speedup_jax-vmap": 1.7711276978690267,
      "obj_speedup_manual": 0.8114156330725755,
      "obj_speedup_pytorch": 2.6423843624667334,
      "objective": 15548.011999999999,
      "objective_std": 1452.3427717788247
    },
    "jax-vmap": {
      "obj_speedup_futhark": 1.4909696988740964,
      "obj_speedup_jax": 0.5646120272429668,
      "obj_speedup_manual": 0.45813502552574215,
      "obj_speedup_pytorch": 1.4919219916474566,
      "objective": 27537.5147,
      "objective_std": 273.05127687269675
    },
    "manual": {
      "obj_speedup_futhark": 3.2544328981681847,
      "obj_speedup_jax": 1.2324140172322229,
      "obj_speedup_jax-vmap": 2.182762601162026,
      "obj_speedup_pytorch": 3.256511527219233,
      "objective": 12615.9
    },
    "pytorch": {
      "obj_speedup_futhark": 0.9993617006930041,
      "obj_speedup_jax": 0.37844607855099266,
      "obj_speedup_jax-vmap": 0.6702763318715804,
      "obj_speedup_manual": 0.30707706441128735,
      "objective": 41083.82377624512,
      "objective_std": 3642.534987031237
    }
  },
  "data/random": {
    "futhark": {
      "obj_speedup_jax": 0.1988673824614511,
      "obj_speedup_jax-vmap": 10.211180247847887,
      "obj_speedup_manual": 1.7941821965755367,
      "obj_speedup_pytorch": 0.8255430883202441,
      "objective": 10571.0
    },
    "jax": {
      "obj_speedup_futhark": 5.0284767045387255,
      "obj_speedup_jax-vmap": 51.346682002149066,
      "obj_speedup_manual": 9.022003379178207,
      "obj_speedup_pytorch": 4.1512241882113035,
      "objective": 2102.2270999999996,
      "objective_std": 17.95354640426228
    },
    "jax-vmap": {
      "obj_speedup_futhark": 0.09793187229368129,
      "obj_speedup_jax": 0.019475455102593502,
      "obj_speedup_manual": 0.17570762174663204,
      "obj_speedup_pytorch": 0.0808469802983094,
      "objective": 107942.3864,
      "objective_std": 11223.776432027871
    },
    "manual": {
      "obj_speedup_futhark": 0.5573569963566959,
      "obj_speedup_jax": 0.11084012696203265,
      "obj_speedup_jax-vmap": 5.691272752197319,
      "obj_speedup_pytorch": 0.46012221606920173,
      "objective": 18966.3
    },
    "pytorch": {
      "obj_speedup_futhark": 1.211323811134714,
      "obj_speedup_jax": 0.24089279563358976,
      "obj_speedup_jax-vmap": 12.369045774006615,
      "obj_speedup_manual": 2.173335616225932,
      "objective": 8726.8159866333,
      "objective_std": 96.08125116945575
    }
  },
  "data/k1024-d10-n2000000": {
    "futhark": {
      "obj_speedup_jax": 1.895826346860081,
      "obj_speedup_jax-vmap": 8.964741777451342,
      "obj_speedup_manual": 0.865698677928755,
      "obj_speedup_pytorch": 8.46481496955908,
      "objective": 108920.0
    },
    "jax": {
      "obj_speedup_futhark": 0.5274744713070515,
      "obj_speedup_jax-vmap": 4.728672429465384,
      "obj_speedup_manual": 0.45663395245168353,
      "obj_speedup_pytorch": 4.464973800780191,
      "objective": 206493.4057,
      "objective_std": 667.0373039111141
    },
    "jax-vmap": {
      "obj_speedup_futhark": 0.11154810978663772,
      "obj_speedup_jax": 0.2114758454759486,
      "obj_speedup_manual": 0.09656705116774389,
      "obj_speedup_pytorch": 0.9442341095479506,
      "objective": 976439.6744000001,
      "objective_std": 3051.295195435707
    },
    "manual": {
      "obj_speedup_futhark": 1.1551363372675703,
      "obj_speedup_jax": 2.189937902407312,
      "obj_speedup_jax-vmap": 10.35549898135471,
      "obj_speedup_pytorch": 9.778015359584176,
      "objective": 94291.9
    },
    "pytorch": {
      "obj_speedup_futhark": 0.11813607309742395,
      "obj_speedup_jax": 0.22396547989268473,
      "obj_speedup_jax-vmap": 1.059059389920522,
      "obj_speedup_manual": 0.10227024229613468,
      "objective": 921987.646484375,
      "objective_std": 250.17944720409514
    }
  }
}
