{
  "data/kdd_cup": {
    "futhark": {
      "obj_speedup_jax": 2.94812093916834,
      "obj_speedup_jax-vmap": 3.579146702352015,
      "obj_speedup_manual": 0.25116951387183206,
      "obj_speedup_pytorch": 1.586595721426914,
      "objective": 70841.4
    },
    "jax": {
      "obj_speedup_futhark": 0.3391991104279794,
      "obj_speedup_jax-vmap": 1.2140433775290396,
      "obj_speedup_manual": 0.08519647567195346,
      "obj_speedup_pytorch": 0.5381718573168475,
      "objective": 208849.0147,
      "objective_std": 9643.121469910408
    },
    "jax-vmap": {
      "obj_speedup_futhark": 0.2793962033863703,
      "obj_speedup_jax": 0.8236937975274943,
      "obj_speedup_manual": 0.07017580858219014,
      "obj_speedup_pytorch": 0.4432888208757389,
      "objective": 253551.76320000002,
      "objective_std": 15861.724827987455
    },
    "manual": {
      "obj_speedup_futhark": 3.9813749072679445,
      "obj_speedup_jax": 11.737574730796034,
      "obj_speedup_jax-vmap": 14.249924870175123,
      "obj_speedup_pytorch": 6.316832393267798,
      "objective": 17793.2
    },
    "pytorch": {
      "obj_speedup_futhark": 0.6302802828061608,
      "obj_speedup_jax": 1.8581424992857853,
      "obj_speedup_jax-vmap": 2.2558655957631655,
      "obj_speedup_manual": 0.15830719223542422,
      "objective": 112396.66213989258,
      "objective_std": 4091.787529985416
    }
  },
  "data/random": {
    "futhark": {
      "obj_speedup_jax": 15.439109129700572,
      "obj_speedup_jax-vmap": 17.59679607067431,
      "obj_speedup_manual": 1.014878574420945,
      "obj_speedup_pytorch": 1.0444566183816646,
      "objective": 23154.1
    },
    "jax": {
      "obj_speedup_futhark": 0.06477057656625257,
      "obj_speedup_jax-vmap": 1.1397546272163426,
      "obj_speedup_manual": 0.06573427040998106,
      "obj_speedup_pytorch": 0.06765005737101884,
      "objective": 357478.6767,
      "objective_std": 24624.473430591534
    },
    "jax-vmap": {
      "obj_speedup_futhark": 0.05682852696500449,
      "obj_speedup_jax": 0.877381829492836,
      "obj_speedup_manual": 0.05767405443268599,
      "obj_speedup_pytorch": 0.05935493110147983,
      "objective": 407437.97589999996,
      "objective_std": 18938.859019266132
    },
    "manual": {
      "obj_speedup_futhark": 0.985339552143532,
      "obj_speedup_jax": 15.212764875354278,
      "obj_speedup_jax-vmap": 17.338819159439286,
      "obj_speedup_pytorch": 1.0291444165895371,
      "objective": 23498.6
    },
    "pytorch": {
      "obj_speedup_futhark": 0.9574356487390084,
      "obj_speedup_jax": 14.781953465547216,
      "obj_speedup_jax-vmap": 16.84779986165409,
      "obj_speedup_manual": 0.9716809262920374,
      "objective": 24183.4529876709,
      "objective_std": 1656.1460784480091
    }
  }
}