{
  "data/kdd_cup": {
    "futhark": {
      "obj_speedup_jax": 2.35175927212054,
      "obj_speedup_jax-vmap": 2.9181413241409686,
      "obj_speedup_manual": 0.25116951387183206,
      "obj_speedup_pytorch": 1.586595721426914,
      "objective": 70841.4
    },
    "jax": {
      "obj_speedup_futhark": 0.42521358876085885,
      "obj_speedup_jax-vmap": 1.2408333449493458,
      "obj_speedup_manual": 0.10680069038076202,
      "obj_speedup_pytorch": 0.674642060620562,
      "objective": 166601.9193,
      "objective_std": 5490.958239561765
    },
    "jax-vmap": {
      "obj_speedup_futhark": 0.3426838829659411,
      "obj_speedup_jax": 0.8059099991714219,
      "obj_speedup_manual": 0.08607174429626721,
      "obj_speedup_pytorch": 0.5437007825157234,
      "objective": 206725.2168,
      "objective_std": 9023.28843882885
    },
    "manual": {
      "obj_speedup_futhark": 3.9813749072679445,
      "obj_speedup_jax": 9.363235353955444,
      "obj_speedup_jax-vmap": 11.618214643796506,
      "obj_speedup_pytorch": 6.316832393267798,
      "objective": 17793.2
    },
    "pytorch": {
      "obj_speedup_futhark": 0.6302802828061608,
      "obj_speedup_jax": 1.4822674991241447,
      "obj_speedup_jax-vmap": 1.839246939047914,
      "obj_speedup_manual": 0.15830719223542422,
      "objective": 112396.66213989258,
      "objective_std": 4091.787529985416
    }
  },
  "data/random": {
    "futhark": {
      "obj_speedup_jax": 13.1850453224267,
      "obj_speedup_jax-vmap": 15.980122012948032,
      "obj_speedup_manual": 1.014878574420945,
      "obj_speedup_pytorch": 1.0444566183816646,
      "objective": 23154.1
    },
    "jax": {
      "obj_speedup_futhark": 0.075843501144367,
      "obj_speedup_jax-vmap": 1.2119884021761482,
      "obj_speedup_manual": 0.07697194432048848,
      "obj_speedup_pytorch": 0.07921524673147146,
      "objective": 305287.8579,
      "objective_std": 4865.421892857316
    },
    "jax-vmap": {
      "obj_speedup_futhark": 0.06257774497527249,
      "obj_speedup_jax": 0.8250904036742274,
      "obj_speedup_manual": 0.06350881261098199,
      "obj_speedup_pytorch": 0.0653597399028233,
      "objective": 370005.3431,
      "objective_std": 7861.039923133829
    },
    "manual": {
      "obj_speedup_futhark": 0.985339552143532,
      "obj_speedup_jax": 12.991746652992093,
      "obj_speedup_jax-vmap": 15.74584626743721,
      "obj_speedup_pytorch": 1.0291444165895371,
      "objective": 23498.6
    },
    "pytorch": {
      "obj_speedup_futhark": 0.9574356487390084,
      "obj_speedup_jax": 12.623832421930835,
      "obj_speedup_jax-vmap": 15.299938486395408,
      "obj_speedup_manual": 0.9716809262920374,
      "objective": 24183.4529876709,
      "objective_std": 1656.1460784480091
    }
  }
}