{
  "data/kdd_cup": {
    "futhark": {
      "obj_speedup_jax": 4.849283954736978,
      "obj_speedup_jax-vmap": 4.731216672809316,
      "obj_speedup_manual": 0.3118108196949926,
      "obj_speedup_pytorch": 1.0321352344121593,
      "objective": 40156.4
    },
    "jax": {
      "obj_speedup_futhark": 0.20621601237089018,
      "obj_speedup_jax-vmap": 0.9756526359294077,
      "obj_speedup_manual": 0.0643003838516,
      "obj_speedup_pytorch": 0.2128428122679695,
      "objective": 194729.7862,
      "objective_std": 38022.55867134409
    },
    "jax-vmap": {
      "obj_speedup_futhark": 0.21136212292856527,
      "obj_speedup_jax": 1.0249549513566363,
      "obj_speedup_manual": 0.06590499680282971,
      "obj_speedup_pytorch": 0.21815429429472635,
      "objective": 189988.6292,
      "objective_std": 26569.18140399108
    },
    "manual": {
      "obj_speedup_futhark": 3.207072804523528,
      "obj_speedup_jax": 15.552006692649266,
      "obj_speedup_jax-vmap": 15.173356323675046,
      "obj_speedup_pytorch": 3.3101328408737527,
      "objective": 12521.2
    },
    "pytorch": {
      "obj_speedup_futhark": 0.968865286891924,
      "obj_speedup_jax": 4.698302890026646,
      "obj_speedup_jax-vmap": 4.583911599049252,
      "obj_speedup_manual": 0.30210267927979495,
      "objective": 41446.83532714844,
      "objective_std": 3484.731540944295
    }
  },
  "data/random": {
    "futhark": {
      "obj_speedup_jax": 29.123975693891133,
      "obj_speedup_jax-vmap": 35.087543161387686,
      "obj_speedup_manual": 1.7617663876416607,
      "obj_speedup_pytorch": 0.8243816067248312,
      "objective": 10668.1
    },
    "jax": {
      "obj_speedup_futhark": 0.03433597152087151,
      "obj_speedup_jax-vmap": 1.2047648827267576,
      "obj_speedup_manual": 0.06049196051249274,
      "obj_speedup_pytorch": 0.028305943370834103,
      "objective": 310697.4851,
      "objective_std": 7799.728076737431
    },
    "jax-vmap": {
      "obj_speedup_futhark": 0.028500143067881036,
      "obj_speedup_jax": 0.8300374739813872,
      "obj_speedup_manual": 0.05021059409997129,
      "obj_speedup_pytorch": 0.023494993734187328,
      "objective": 374317.4192,
      "objective_std": 71024.81460509029
    },
    "manual": {
      "obj_speedup_futhark": 0.5676121459773233,
      "obj_speedup_jax": 16.531122343000952,
      "obj_speedup_jax-vmap": 19.916115670907224,
      "obj_speedup_pytorch": 0.46792901289731526,
      "objective": 18794.7
    },
    "pytorch": {
      "obj_speedup_futhark": 1.2130304604597857,
      "obj_speedup_jax": 35.32826964638037,
      "obj_speedup_jax-vmap": 42.562258637460715,
      "obj_speedup_manual": 2.137076292423537,
      "objective": 8794.585418701172,
      "objective_std": 91.830144291398
    }
  }
}