{
  "data/kdd_cup": {
    "futhark": {
      "obj_speedup_jax": 0.36341283229227195,
      "obj_speedup_manual": 0.28273442039511915,
      "obj_speedup_pytorch": 0.9531661097494964,
      "objective": 44057.6
    },
    "jax": {
      "obj_speedup_futhark": 2.751691495570959,
      "obj_speedup_manual": 0.7779979001064337,
      "obj_speedup_pytorch": 2.622819078064145,
      "objective": 16011.0972,
      "objective_std": 21.13962873278525
    },
    "manual": {
      "obj_speedup_futhark": 3.5368880753977807,
      "obj_speedup_jax": 1.2853505129810703,
      "obj_speedup_pytorch": 3.3712418474462864,
      "objective": 12456.6
    },
    "pytorch": {
      "obj_speedup_futhark": 1.0491350770568333,
      "obj_speedup_jax": 0.3812691498103948,
      "obj_speedup_manual": 0.2966265979278524,
      "objective": 41994.211196899414,
      "objective_std": 3559.4988728402154
    }
  },
  "data/random": {
    "futhark": {
      "obj_speedup_jax": 0.2029313362504207,
      "obj_speedup_manual": 1.9317850330977222,
      "obj_speedup_pytorch": 0.9045158097192858,
      "objective": 10695.6
    },
    "jax": {
      "obj_speedup_futhark": 4.927775170050539,
      "obj_speedup_manual": 9.519402319974215,
      "obj_speedup_pytorch": 4.457250548052855,
      "objective": 2170.4723999999997,
      "objective_std": 19.7990263912143
    },
    "manual": {
      "obj_speedup_futhark": 0.5176559414566152,
      "obj_speedup_jax": 0.10504861191776048,
      "obj_speedup_pytorch": 0.4682279830426295,
      "objective": 20661.6
    },
    "pytorch": {
      "obj_speedup_futhark": 1.1055638710287965,
      "obj_speedup_jax": 0.22435355365806145,
      "obj_speedup_manual": 2.1357117391870095,
      "objective": 9674.339294433594,
      "objective_std": 790.6761145147846
    }
  }
}