{
  "data/large": {
    "futhark": {
      "jacobian": 458395.8,
      "objective": 141215.4,
      "overhead": 3.2460751447788274
    }
  },
  "data/small": {
    "futhark": {
      "jacobian": 101840.0,
      "objective": 47118.8,
      "overhead": 2.1613453653318846
    }
  }
}