{
  "data/movielens": {
    "futhark": {
      "obj_speedup_manual": 0.08213445977353859,
      "obj_speedup_pytorch": 0.6087540274320763,
      "objective": 5317992.0
    },
    "manual": {
      "obj_speedup_futhark": 12.175157695773533,
      "obj_speedup_pytorch": 7.411676281922777,
      "objective": 436790.4
    },
    "pytorch": {
      "obj_speedup_futhark": 1.6426996043349844,
      "obj_speedup_manual": 0.13492224457225951,
      "objective": 3237349.0478515625,
      "objective_std": 7812.960824765012
    }
  },
  "data/nytimes": {
    "futhark": {
      "obj_speedup_manual": 0.04631745231119515,
      "obj_speedup_pytorch": 1.212652535457317,
      "objective": 9553232.7
    },
    "manual": {
      "obj_speedup_futhark": 21.590133958173155,
      "obj_speedup_pytorch": 26.181330685241797,
      "objective": 442481.4
    },
    "pytorch": {
      "obj_speedup_futhark": 0.8246385265032895,
      "obj_speedup_manual": 0.03819515562529035,
      "objective": 11584751.85546875,
      "objective_std": 25893.508525682795
    }
  },
  "data/scrna": {
    "futhark": {
      "obj_speedup_manual": 0.14759417836812833,
      "obj_speedup_pytorch": 7.254243161784583,
      "objective": 2868487.8
    },
    "manual": {
      "obj_speedup_futhark": 6.775334983103516,
      "obj_speedup_pytorch": 49.149927469978536,
      "objective": 423372.1
    },
    "pytorch": {
      "obj_speedup_futhark": 0.13785035567431883,
      "obj_speedup_manual": 0.020345909983505345,
      "objective": 20808708.0078125,
      "objective_std": 19351.20931094384
    }
  }
}