{
  "data/movielens": {
    "futhark": {
      "obj_speedup_jax": 2.783602530848438,
      "obj_speedup_manual": 0.49776261488378515,
      "obj_speedup_pytorch": 19.009232071971482,
      "objective": 169595.3
    },
    "jax": {
      "obj_speedup_futhark": 0.35924669162274453,
      "obj_speedup_manual": 0.17881957261048612,
      "obj_speedup_pytorch": 6.829003732144725,
      "objective": 472085.90630000003,
      "objective_std": 1516.1240981981675
    },
    "manual": {
      "obj_speedup_futhark": 2.0089897676093544,
      "obj_speedup_jax": 5.592229001566014,
      "obj_speedup_pytorch": 38.189352722702274,
      "objective": 84418.2
    },
    "pytorch": {
      "obj_speedup_futhark": 0.052606017760941995,
      "obj_speedup_jax": 0.146434244177216,
      "obj_speedup_manual": 0.02618530895930933,
      "objective": 3223876.416015625,
      "objective_std": 71846.42987837021
    }
  },
  "data/nytimes": {
    "futhark": {
      "obj_speedup_jax": 1.4856057569877004,
      "obj_speedup_manual": 0.134985561819285,
      "obj_speedup_pytorch": 9.652961015007426,
      "objective": 1279766.5
    },
    "jax": {
      "obj_speedup_futhark": 0.6731260937138918,
      "obj_speedup_manual": 0.09086230393519036,
      "obj_speedup_pytorch": 6.497659940804432,
      "objective": 1901228.48,
      "objective_std": 6141.260156239728
    },
    "manual": {
      "obj_speedup_futhark": 7.408199710564399,
      "obj_speedup_jax": 11.005664138929088,
      "obj_speedup_pytorch": 71.51106299746743,
      "objective": 172750.0
    },
    "pytorch": {
      "obj_speedup_futhark": 0.10359515577088765,
      "obj_speedup_jax": 0.1539015598092683,
      "obj_speedup_manual": 0.013983850303489614,
      "objective": 12353536.1328125,
      "objective_std": 66154.88718365303
    }
  },
  "data/scrna": {
    "futhark": {
      "obj_speedup_jax": 17.982703663704783,
      "obj_speedup_manual": 0.3476048122956887,
      "obj_speedup_pytorch": 33.70629153982423,
      "objective": 629554.0
    },
    "jax": {
      "obj_speedup_futhark": 0.05560899065574552,
      "obj_speedup_manual": 0.019329952758843128,
      "obj_speedup_pytorch": 1.8743728512779196,
      "objective": 11321083.022300001,
      "objective_std": 93136.62835626761
    },
    "manual": {
      "obj_speedup_futhark": 2.8768301376373175,
      "obj_speedup_jax": 51.733183855946926,
      "obj_speedup_pytorch": 96.96727532975608,
      "objective": 218836.0
    },
    "pytorch": {
      "obj_speedup_futhark": 0.0296680516994429,
      "obj_speedup_jax": 0.5335117819905548,
      "obj_speedup_manual": 0.010312757542163637,
      "objective": 21219930.6640625,
      "objective_std": 110759.94046982846
    }
  }
}