{
  "data/movielens": {
    "futhark": {
      "obj_speedup_jax": 2.451688262723461,
      "obj_speedup_manual": 0.40416957623845445,
      "obj_speedup_pytorch": 9.381692758241682,
      "objective": 156380.4
    },
    "jax": {
      "obj_speedup_futhark": 0.40788219905623263,
      "obj_speedup_manual": 0.16485357554776647,
      "obj_speedup_pytorch": 3.8266254731015503,
      "objective": 383395.99119999993,
      "objective_std": 324.90058273748525
    },
    "manual": {
      "obj_speedup_futhark": 2.4742089924403756,
      "obj_speedup_jax": 6.06598914629091,
      "obj_speedup_pytorch": 23.212268586754323,
      "objective": 63204.2
    },
    "pytorch": {
      "obj_speedup_futhark": 0.10659057227401893,
      "obj_speedup_jax": 0.261326854961189,
      "obj_speedup_manual": 0.04308066642700458,
      "objective": 1467112.8662109375,
      "objective_std": 1446.1379103716147
    }
  },
  "data/nytimes": {
    "futhark": {
      "obj_speedup_jax": 4.51866787545367,
      "obj_speedup_manual": 0.2896623850222981,
      "obj_speedup_pytorch": 17.487701816077475,
      "objective": 299666.8
    },
    "jax": {
      "obj_speedup_futhark": 0.2213041603327841,
      "obj_speedup_manual": 0.0641034908973513,
      "obj_speedup_pytorch": 3.870101166557129,
      "objective": 1354094.7425,
      "objective_std": 679.2152912535287
    },
    "manual": {
      "obj_speedup_futhark": 3.4522949879150526,
      "obj_speedup_jax": 15.599774458481466,
      "obj_speedup_pytorch": 60.37270532979723,
      "objective": 86802.2
    },
    "pytorch": {
      "obj_speedup_futhark": 0.05718304271866307,
      "obj_speedup_jax": 0.25839117815351775,
      "obj_speedup_manual": 0.016563776536719903,
      "objective": 5240483.642578125,
      "objective_std": 8515.493328931367
    }
  },
  "data/scrna": {
    "futhark": {
      "obj_speedup_jax": 15.414766977791194,
      "obj_speedup_manual": 0.2681557288797528,
      "obj_speedup_pytorch": 16.128300903419227,
      "objective": 578171.5
    },
    "jax": {
      "obj_speedup_futhark": 0.06487285869716673,
      "obj_speedup_manual": 0.017396028708451958,
      "obj_speedup_pytorch": 1.046288985532902,
      "objective": 8912378.945700001,
      "objective_std": 2040.775601999431
    },
    "manual": {
      "obj_speedup_futhark": 3.7291763415892674,
      "obj_speedup_jax": 57.48438432469041,
      "obj_speedup_pytorch": 60.14527815906379,
      "objective": 155040.0
    },
    "pytorch": {
      "obj_speedup_futhark": 0.06200281145473906,
      "obj_speedup_jax": 0.9557588905427252,
      "obj_speedup_manual": 0.01662640909823944,
      "objective": 9324923.92578125,
      "objective_std": 3994.4092649668305
    }
  }
}